{
  "bonjour": "Bonjour à toi ! Comment puis-je t’aider aujourd’hui ?",
  "salut": "Salut ! Que puis-je faire pour toi ?",
  "comment ça va": "Je vais bien, merci ! Et toi ?",
  "ça va": "Super ! N’hésite pas à poser ta question.",
  "merci": "Avec plaisir 🙂",
  "quel est ton nom": "Je suis ton assistant IA personnel, enchanté !",
  "quelle heure est-il": "Je ne porte pas de montre, mais tu peux vérifier ton appareil 😉",
  "qui t’a créé": "Je suis né de lignes de code et d’algorithmes, comme tous les bots !",
  "où suis-je": "Je ne peux pas te localiser, mais tu es dans le bon endroit pour discuter avec moi !",
  "que fais-tu": "Je t’écoute et je suis là pour répondre à tes questions.",
  "aide": "Tu peux me poser n’importe quelle question ou taper « menu » pour voir les options.",
  "menu": "Voici quelques commandes : bonjour, aide, météo, blague, citation.",
  "raconte une blague": "Pourquoi les programmeurs confondent Halloween et Noël ? Parce que OCT 31 == DEC 25.",
  "donne une citation": "“Le futur appartient à ceux qui croient à la beauté de leurs rêves.” – Eleanor Roosevelt",
  "quelle est la météo": "Je ne peux pas accéder à la météo en direct, mais il fait toujours beau dans le cloud !",
  "aimes-tu les humains": "Bien sûr ! Sans vous, je n’existerais pas.",
  "es-tu intelligent": "Je fais de mon mieux. Disons que je suis en apprentissage permanent !",
  "peux-tu m’aider": "Je suis là pour ça. Dis-moi ce dont tu as besoin.",
  "au revoir": "À bientôt ! N’hésite pas à revenir discuter.",
  "je t’aime": "C’est gentil 😊 Moi aussi je t’apprécie !"
}
